Occupation,Factor,Mean,Major?, 
All Occupations,1,"$50,620 ",*,
Management Occupations,2.369,"$119,910 ",*,
Top Executives,2.529,"$128,020 ",,
Chief Executives,3.873,"$196,050 ",,
General and Operations Managers,2.439,"$123,460 ",,
Legislators,0.916,"$46,350 ",,
"Advertising, Marketing, Promotions, Public Relations, and Sales Managers",2.739,"$138,650 ",,
Advertising and Promotions Managers,2.447,"$123,880 ",,
Marketing and Sales Managers,2.778,"$140,600 ",,
Marketing Managers,2.877,"$145,620 ",,
Sales Managers,2.719,"$137,650 ",,
Public Relations and Fundraising Managers,2.523,"$127,690 ",,
Operations Specialties Managers,2.557,"$129,450 ",,
Administrative Services Managers,2.042,"$103,380 ",,
Computer and Information Systems Managers,2.958,"$149,730 ",,
Financial Managers,2.835,"$143,530 ",,
Industrial Production Managers,2.185,"$110,580 ",,
Purchasing Managers,2.406,"$121,810 ",,
"Transportation, Storage, and Distribution Managers",1.99,"$100,740 ",,
Compensation and Benefits Managers,2.568,"$130,010 ",,
Human Resources Managers,2.44,"$123,510 ",,
Training and Development Managers,2.325,"$117,690 ",,
Other Management Occupations,1.955,"$98,940 ",,
"Farmers, Ranchers, and Other Agricultural Managers",1.587,"$80,320 ",,
Construction Managers,1.995,"$101,000 ",,
Education Administrators,1.882,"$95,270 ",,
"Education Administrators, Preschool and Childcare Center/Program",1.058,"$53,550 ",,
"Education Administrators, Elementary and Secondary School",1.925,"$97,440 ",,
"Education Administrators, Postsecondary",2.127,"$107,670 ",,
"Education Administrators, All Other",1.743,"$88,240 ",,
Architectural and Engineering Managers,2.89,"$146,290 ",,
Food Service Managers,1.131,"$57,250 ",,
Funeral Service Managers,1.839,"$93,090 ",,
Gaming Managers,1.649,"$83,460 ",,
Lodging Managers,1.178,"$59,620 ",,
Medical and Health Services Managers,2.206,"$111,680 ",,
Natural Sciences Managers,2.641,"$133,670 ",,
Postmasters and Mail Superintendents,1.495,"$75,660 ",,
"Property, Real Estate, and Community Association Managers",1.43,"$72,370 ",,
Social and Community Service Managers,1.393,"$70,530 ",,
Emergency Management Directors,1.603,"$81,140 ",,
"Managers, All Other",2.236,"$113,180 ",,
Business and Financial Operations Occupations,1.508,"$76,330 ",*,
Business Operations Specialists,1.444,"$73,080 ",,
"Agents and Business Managers of Artists, Performers, and Athletes",1.795,"$90,870 ",,
Buyers and Purchasing Agents,1.323,"$66,960 ",,
"Claims Adjusters, Appraisers, Examiners, and Investigators",1.309,"$66,250 ",,
"Claims Adjusters, Examiners, and Investigators",1.311,"$66,340 ",,
"Insurance Appraisers, Auto Damage",1.278,"$64,680 ",,
Compliance Officers,1.413,"$71,540 ",,
Cost Estimators,1.352,"$68,420 ",,
Human Resources Workers,1.306,"$66,120 ",,
Human Resources Specialists,1.308,"$66,220 ",,
Farm Labor Contractors,0.966,"$48,890 ",,
Labor Relations Specialists,1.295,"$65,540 ",,
Logisticians,1.556,"$78,740 ",,
Management Analysts,1.846,"$93,440 ",,
"Meeting, Convention, and Event Planners",1.04,"$52,630 ",,
Fundraisers,1.184,"$59,930 ",,
"Compensation, Benefits, and Job Analysis Specialists",1.327,"$67,160 ",,
Training and Development Specialists,1.278,"$64,700 ",,
Market Research Analysts and Marketing Specialists,1.411,"$71,450 ",,
"Business Operations Specialists, All Other",1.496,"$75,740 ",,
Financial Specialists,1.624,"$82,190 ",,
Accountants and Auditors,1.539,"$77,920 ",,
Appraisers and Assessors of Real Estate,1.202,"$60,830 ",,
Budget Analysts,1.554,"$78,680 ",,
Credit Analysts,1.638,"$82,900 ",,
Financial Analysts and Advisors,2.066,"$104,570 ",,
Financial Analysts,1.964,"$99,430 ",,
Personal Financial Advisors,2.452,"$124,140 ",,
Insurance Underwriters,1.534,"$77,660 ",,
Financial Examiners,1.813,"$91,780 ",,
Credit Counselors and Loan Officers,1.48,"$74,940 ",,
Credit Counselors,0.977,"$49,460 ",,
Loan Officers,1.539,"$77,920 ",,
"Tax Examiners, Collectors and Preparers, and Revenue Agents",1.038,"$52,530 ",,
"Tax Examiners and Collectors, and Revenue Agents",1.168,"$59,140 ",,
Tax Preparers,0.93,"$47,090 ",,
"Financial Specialists, All Other",1.514,"$76,630 ",,
Computer and Mathematical Occupations,1.774,"$89,810 ",*,
Computer Occupations,1.774,"$89,780 ",,
Computer and Information Research Scientists,2.362,"$119,570 ",,
Computer and Information Analysts,1.853,"$93,800 ",,
Computer Systems Analysts,1.832,"$92,740 ",,
Information Security Analysts,1.969,"$99,690 ",,
Software Developers and Programmers,2.024,"$102,470 ",,
Computer Programmers,1.729,"$87,530 ",,
"Software Developers, Applications",2.108,"$106,710 ",,
"Software Developers, Systems Software",2.208,"$111,780 ",,
Web Developers,1.464,"$74,110 ",,
Database and Systems Administrators and Network Architects,1.819,"$92,070 ",,
Database Administrators,1.759,"$89,050 ",,
Network and Computer Systems Administrators,1.706,"$86,340 ",,
Computer Network Architects,2.131,"$107,870 ",,
Computer Support Specialists,1.131,"$57,260 ",,
Computer User Support Specialists,1.07,"$54,150 ",,
Computer Network Support Specialists,1.334,"$67,510 ",,
"Computer Occupations, All Other",1.799,"$91,080 ",,
Mathematical Science Occupations,1.787,"$90,460 ",,
Actuaries,2.269,"$114,850 ",,
Mathematicians,2.068,"$104,700 ",,
Operations Research Analysts,1.709,"$86,510 ",,
Statisticians,1.758,"$88,980 ",,
Miscellaneous Mathematical Science Occupations,1.455,"$73,670 ",,
Architecture and Engineering Occupations,1.703,"$86,190 ",*,
"Architects, Surveyors, and Cartographers",1.56,"$78,970 ",,
"Architects, Except Naval",1.677,"$84,910 ",,
"Architects, Except Landscape and Naval",1.729,"$87,500 ",,
Landscape Architects,1.4,"$70,880 ",,
"Surveyors, Cartographers, and Photogrammetrists",1.299,"$65,740 ",,
Cartographers and Photogrammetrists,1.331,"$67,390 ",,
Surveyors,1.29,"$65,300 ",,
Engineers,1.94,"$98,190 ",,
Aerospace Engineers,2.278,"$115,300 ",,
Agricultural Engineers,1.54,"$77,970 ",,
Biomedical Engineers,1.837,"$92,970 ",,
Chemical Engineers,2.221,"$112,430 ",,
Civil Engineers,1.813,"$91,790 ",,
Computer Hardware Engineers,2.364,"$119,650 ",,
Electrical and Electronics Engineers,2.027,"$102,620 ",,
Electrical Engineers,1.967,"$99,580 ",,
"Electronics Engineers, Except Computer",2.109,"$106,760 ",,
Environmental Engineers,1.801,"$91,180 ",,
"Industrial Engineers, Including Health and Safety",1.788,"$90,500 ",,
"Health and Safety Engineers, Except Mining Safety Engineers and Inspectors",1.821,"$92,190 ",,
Industrial Engineers,1.785,"$90,340 ",,
Marine Engineers and Naval Architects,1.914,"$96,910 ",,
Materials Engineers,1.948,"$98,610 ",,
Mechanical Engineers,1.808,"$91,500 ",,
"Mining and Geological Engineers, Including Mining Safety Engineers",2.049,"$103,710 ",,
Nuclear Engineers,2.152,"$108,910 ",,
Petroleum Engineers,3.058,"$154,780 ",,
"Engineers, All Other",1.962,"$99,310 ",,
"Drafters, Engineering Technicians, and Mapping Technicians",1.155,"$58,450 ",,
Drafters,1.128,"$57,080 ",,
Architectural and Civil Drafters,1.089,"$55,110 ",,
Electrical and Electronics Drafters,1.259,"$63,720 ",,
Mechanical Drafters,1.149,"$58,150 ",,
"Drafters, All Other",1.067,"$53,990 ",,
"Engineering Technicians, Except Drafters",1.196,"$60,550 ",,
Aerospace Engineering and Operations Technicians,1.409,"$71,340 ",,
Civil Engineering Technicians,1.059,"$53,600 ",,
Electrical and Electronics Engineering Technicians,1.27,"$64,290 ",,
Electro-Mechanical Technicians,1.175,"$59,490 ",,
Environmental Engineering Technicians,1.059,"$53,610 ",,
Industrial Engineering Technicians,1.142,"$57,810 ",,
Mechanical Engineering Technicians,1.149,"$58,180 ",,
"Engineering Technicians, Except Drafters, All Other",1.275,"$64,550 ",,
Surveying and Mapping Technicians,0.916,"$46,350 ",,
"Life, Physical, and Social Science Occupations",1.469,"$74,370 ",*,
Life Scientists,1.676,"$84,860 ",,
Agricultural and Food Scientists,1.392,"$70,480 ",,
Animal Scientists,1.36,"$68,840 ",,
Food Scientists and Technologists,1.422,"$71,990 ",,
Soil and Plant Scientists,1.366,"$69,170 ",,
Biological Scientists,1.661,"$84,060 ",,
Biochemists and Biophysicists,2.082,"$105,410 ",,
Microbiologists,1.549,"$78,400 ",,
Zoologists and Wildlife Biologists,1.309,"$66,250 ",,
"Biological Scientists, All Other",1.584,"$80,200 ",,
Conservation Scientists and Foresters,1.264,"$63,990 ",,
Conservation Scientists,1.281,"$64,850 ",,
Foresters,1.219,"$61,710 ",,
Medical Scientists,1.875,"$94,920 ",,
Epidemiologists,1.506,"$76,230 ",,
"Medical Scientists, Except Epidemiologists",1.898,"$96,070 ",,
"Life Scientists, All Other",1.625,"$82,270 ",,
Physical Scientists,1.748,"$88,470 ",,
Astronomers and Physicists,2.403,"$121,620 ",,
Astronomers,2.164,"$109,560 ",,
Physicists,2.431,"$123,080 ",,
Atmospheric and Space Scientists,1.851,"$93,710 ",,
Chemists and Materials Scientists,1.65,"$83,500 ",,
Chemists,1.617,"$81,870 ",,
Materials Scientists,2.013,"$101,910 ",,
Environmental Scientists and Geoscientists,1.657,"$83,890 ",,
"Environmental Scientists and Specialists, Including Health",1.506,"$76,220 ",,
"Geoscientists, Except Hydrologists and Geographers",2.091,"$105,830 ",,
Hydrologists,1.665,"$84,290 ",,
"Physical Scientists, All Other",2.117,"$107,180 ",,
Social Scientists and Related Workers,1.642,"$83,110 ",,
Economists,2.225,"$112,650 ",,
Survey Researchers,1.199,"$60,700 ",,
Psychologists,1.635,"$82,770 ",,
"Clinical, Counseling, and School Psychologists",1.607,"$81,330 ",,
Industrial-Organizational Psychologists,2.025,"$102,530 ",,
"Psychologists, All Other",1.846,"$93,440 ",,
Sociologists,1.702,"$86,130 ",,
Urban and Regional Planners,1.469,"$74,350 ",,
Miscellaneous Social Scientists and Related Workers,1.649,"$83,450 ",,
Anthropologists and Archeologists,1.31,"$66,330 ",,
Geographers,1.517,"$76,790 ",,
Historians,1.269,"$64,220 ",,
Political Scientists,2.213,"$112,030 ",,
"Social Scientists and Related Workers, All Other",1.644,"$83,230 ",,
"Life, Physical, and Social Science Technicians",0.987,"$49,970 ",,
Agricultural and Food Science Technicians,0.848,"$42,910 ",,
Biological Technicians,0.937,"$47,410 ",,
Chemical Technicians,1.008,"$51,010 ",,
Geological and Petroleum Technicians,1.253,"$63,450 ",,
Nuclear Technicians,1.58,"$80,000 ",,
Social Science Research Assistants,0.969,"$49,030 ",,
"Miscellaneous Life, Physical, and Social Science Technicians",0.973,"$49,270 ",,
"Environmental Science and Protection Technicians, Including Health",0.974,"$49,310 ",,
Forensic Science Technicians,1.209,"$61,220 ",,
Forest and Conservation Technicians,0.774,"$39,180 ",,
"Life, Physical, and Social Science Technicians, All Other",1.011,"$51,160 ",,
Community and Social Service Occupations,0.949,"$48,050 ",*,
"Counselors, Social Workers, and Other Community and Social Service Specialists",0.949,"$48,060 ",,
Counselors,1.001,"$50,670 ",,
"Educational, Guidance, School, and Vocational Counselors",1.158,"$58,620 ",,
Marriage and Family Therapists,1.064,"$53,860 ",,
Rehabilitation Counselors,0.769,"$38,950 ",,
"Substance Abuse, Behavioral Disorder, and Mental Health Counselors",0.92,"$46,560 ",,
"Counselors, All Other",0.94,"$47,600 ",,
Social Workers,1.02,"$51,630 ",,
"Child, Family, and School Social Workers",0.957,"$48,430 ",,
Healthcare Social Workers,1.122,"$56,810 ",,
Mental Health and Substance Abuse Social Workers,0.945,"$47,830 ",,
"Social Workers, All Other",1.203,"$60,900 ",,
Miscellaneous Community and Social Service Specialists,0.831,"$42,090 ",,
Health Educators,1.166,"$59,010 ",,
Probation Officers and Correctional Treatment Specialists,1.119,"$56,630 ",,
Social and Human Service Assistants,0.701,"$35,460 ",,
Community Health Workers,0.836,"$42,340 ",,
"Community and Social Service Specialists, All Other",0.885,"$44,780 ",,
Religious Workers,0.946,"$47,880 ",,
Clergy,1.004,"$50,800 ",,
"Directors, Religious Activities and Education",0.898,"$45,470 ",,
"Religious Workers, All Other",0.719,"$36,380 ",,
Legal Occupations,2.121,"$107,370 ",*,
"Lawyers, Judges, and Related Workers",2.719,"$137,660 ",,
Lawyers and Judicial Law Clerks,2.764,"$139,900 ",,
Lawyers,2.803,"$141,890 ",,
Judicial Law Clerks,1.144,"$57,920 ",,
"Judges, Magistrates, and Other Judicial Workers",2.14,"$108,340 ",,
"Administrative Law Judges, Adjudicators, and Hearing Officers",1.942,"$98,280 ",,
"Arbitrators, Mediators, and Conciliators",1.443,"$73,020 ",,
"Judges, Magistrate Judges, and Magistrates",2.391,"$121,050 ",,
Legal Support Workers,1.093,"$55,330 ",,
Paralegals and Legal Assistants,1.065,"$53,910 ",,
Miscellaneous Legal Support Workers,1.166,"$59,000 ",,
Court Reporters,1.186,"$60,060 ",,
"Title Examiners, Abstractors, and Searchers",1.011,"$51,180 ",,
"Legal Support Workers, All Other",1.343,"$67,960 ",,
"Education, Training, and Library Occupations",1.096,"$55,470 ",*,
Postsecondary Teachers,1.637,"$82,880 ",,
"Business Teachers, Postsecondary",1.981,"$100,270 ",,
"Math and Computer Teachers, Postsecondary",1.726,"$87,380 ",,
"Computer Science Teachers, Postsecondary",1.809,"$91,590 ",,
"Mathematical Science Teachers, Postsecondary",1.673,"$84,710 ",,
"Engineering and Architecture Teachers, Postsecondary",2.109,"$106,770 ",,
"Architecture Teachers, Postsecondary",1.798,"$91,000 ",,
"Engineering Teachers, Postsecondary",2.17,"$109,830 ",,
"Life Sciences Teachers, Postsecondary",1.833,"$92,790 ",,
"Agricultural Sciences Teachers, Postsecondary",1.811,"$91,690 ",,
"Biological Science Teachers, Postsecondary",1.837,"$93,010 ",,
"Forestry and Conservation Science Teachers, Postsecondary",1.841,"$93,200 ",,
"Physical Sciences Teachers, Postsecondary",1.872,"$94,740 ",,
"Atmospheric, Earth, Marine, and Space Sciences Teachers, Postsecondary",1.947,"$98,560 ",,
"Chemistry Teachers, Postsecondary",1.79,"$90,610 ",,
"Environmental Science Teachers, Postsecondary",1.732,"$87,660 ",,
"Physics Teachers, Postsecondary",1.999,"$101,190 ",,
"Social Sciences Teachers, Postsecondary",1.77,"$89,600 ",,
"Anthropology and Archeology Teachers, Postsecondary",1.847,"$93,500 ",,
"Area, Ethnic, and Cultural Studies Teachers, Postsecondary",1.646,"$83,330 ",,
"Economics Teachers, Postsecondary",2.268,"$114,820 ",,
"Geography Teachers, Postsecondary",1.735,"$87,810 ",,
"Political Science Teachers, Postsecondary",1.948,"$98,620 ",,
"Psychology Teachers, Postsecondary",1.68,"$85,050 ",,
"Sociology Teachers, Postsecondary",1.656,"$83,840 ",,
"Social Sciences Teachers, Postsecondary, All Other",1.562,"$79,050 ",,
"Health Teachers, Postsecondary",2.228,"$112,770 ",,
"Health Specialties Teachers, Postsecondary",2.428,"$122,890 ",,
"Nursing Instructors and Teachers, Postsecondary",1.528,"$77,360 ",,
"Education and Library Science Teachers, Postsecondary",1.432,"$72,510 ",,
"Education Teachers, Postsecondary",1.43,"$72,410 ",,
"Library Science Teachers, Postsecondary",1.456,"$73,680 ",,
"Law, Criminal Justice, and Social Work Teachers, Postsecondary",1.861,"$94,200 ",,
"Criminal Justice and Law Enforcement Teachers, Postsecondary",1.363,"$68,980 ",,
"Law Teachers, Postsecondary",2.565,"$129,840 ",,
"Social Work Teachers, Postsecondary",1.473,"$74,560 ",,
"Arts, Communications, and Humanities Teachers, Postsecondary",1.544,"$78,160 ",,
"Art, Drama, and Music Teachers, Postsecondary",1.555,"$78,720 ",,
"Communications Teachers, Postsecondary",1.494,"$75,640 ",,
"English Language and Literature Teachers, Postsecondary",1.534,"$77,660 ",,
"Foreign Language and Literature Teachers, Postsecondary",1.5,"$75,950 ",,
"History Teachers, Postsecondary",1.638,"$82,900 ",,
"Philosophy and Religion Teachers, Postsecondary",1.556,"$78,790 ",,
Miscellaneous Postsecondary Teachers,1.166,"$59,000 ",,
Graduate Teaching Assistants,0.745,"$37,720 ",,
"Home Economics Teachers, Postsecondary",1.525,"$77,220 ",,
"Recreation and Fitness Studies Teachers, Postsecondary",1.374,"$69,560 ",,
"Vocational Education Teachers, Postsecondary",1.119,"$56,630 ",,
"Postsecondary Teachers, All Other",1.474,"$74,630 ",,
"Preschool, Primary, Secondary, and Special Education School Teachers",1.161,"$58,780 ",,
Preschool and Kindergarten Teachers,0.782,"$39,600 ",,
"Preschool Teachers, Except Special Education",0.664,"$33,590 ",,
"Kindergarten Teachers, Except Special Education",1.128,"$57,110 ",,
Elementary and Middle School Teachers,1.203,"$60,900 ",,
"Elementary School Teachers, Except Special Education",1.202,"$60,830 ",,
"Middle School Teachers, Except Special and Career/Technical Education",1.206,"$61,040 ",,
"Career/Technical Education Teachers, Middle School",1.218,"$61,680 ",,
Secondary School Teachers,1.239,"$62,730 ",,
"Secondary School Teachers, Except Special and Career/Technical Education",1.242,"$62,860 ",,
"Career/Technical Education Teachers, Secondary School",1.205,"$61,010 ",,
Special Education Teachers,1.237,"$62,640 ",,
"Special Education Teachers, Preschool",1.153,"$58,390 ",,
"Special Education Teachers, Kindergarten and Elementary School",1.224,"$61,960 ",,
"Special Education Teachers, Middle School",1.25,"$63,250 ",,
"Special Education Teachers, Secondary School",1.276,"$64,590 ",,
"Special Education Teachers, All Other",1.2,"$60,750 ",,
Other Teachers and Instructors,0.776,"$39,290 ",,
Adult Basic and Secondary Education and Literacy Teachers and Instructors,1.122,"$56,800 ",,
Self-Enrichment Education Teachers,0.882,"$44,630 ",,
Miscellaneous Teachers and Instructors,0.725,"$36,700 ",,
"Teachers and Instructors, All Other, Except Substitute Teachers",0.938,"$47,490 ",,
Substitute Teachers,0.622,"$31,510 ",,
"Librarians, Curators, and Archivists",0.998,"$50,540 ",,
"Archivists, Curators, and Museum Technicians",1.036,"$52,450 ",,
Archivists,1.096,"$55,470 ",,
Curators,1.162,"$58,830 ",,
Museum Technicians and Conservators,0.888,"$44,970 ",,
Librarians,1.2,"$60,760 ",,
Library Technicians,0.702,"$35,510 ",,
"Other Education, Training, and Library Occupations",0.658,"$33,320 ",,
Audio-Visual and Multimedia Collections Specialists,1.013,"$51,290 ",,
Farm and Home Management Advisors,1.032,"$52,220 ",,
Instructional Coordinators,1.317,"$66,680 ",,
Teacher Assistants,0.552,"$27,950 ",,
"Education, Training, and Library Workers, All Other",0.932,"$47,200 ",,
"Arts, Design, Entertainment, Sports, and Media Occupations",1.165,"$58,950 ",*,
Art and Design Workers,1.065,"$53,910 ",,
Artists and Related Workers,1.638,"$82,900 ",,
Art Directors,2.045,"$103,510 ",,
Craft Artists,0.814,"$41,180 ",,
"Fine Artists, Including Painters, Sculptors, and Illustrators",1.136,"$57,520 ",,
Multimedia Artists and Animators,1.512,"$76,560 ",,
"Artists and Related Workers, All Other",1.315,"$66,590 ",,
Designers,0.962,"$48,720 ",,
Commercial and Industrial Designers,1.394,"$70,540 ",,
Fashion Designers,1.558,"$78,870 ",,
Floral Designers,0.557,"$28,220 ",,
Graphic Designers,1.053,"$53,280 ",,
Interior Designers,1.15,"$58,210 ",,
Merchandise Displayers and Window Trimmers,0.611,"$30,940 ",,
Set and Exhibit Designers,1.177,"$59,590 ",,
"Designers, All Other",1.312,"$66,400 ",,
"Entertainers and Performers, Sports and Related Workers",1.183,"$59,860 ",,
"Actors, Producers, and Directors",1.674,"$84,740 ",,
Actors,0,-4,,
Producers and Directors,1.793,"$90,770 ",,
"Athletes, Coaches, Umpires, and Related Workers",0.868,"$43,940 ",,
Athletes and Sports Competitors,1.744,"$88,300 ",,
Coaches and Scouts,0.84,"$42,540 ",,
"Umpires, Referees, and Other Sports Officials",0.693,"$35,080 ",,
Dancers and Choreographers,0.839,"$42,450 ",,
Dancers,0,-4,,
Choreographers,1.046,"$52,970 ",,
"Musicians, Singers, and Related Workers",0,-4,,
Music Directors and Composers,1.215,"$61,490 ",,
Musicians and Singers,0,-4,,
"Entertainers and Performers, Sports and Related Workers, All Other",0,-4,,
Media and Communication Workers,1.277,"$64,620 ",,
Announcers,0.916,"$46,350 ",,
Radio and Television Announcers,0.941,"$47,630 ",,
Public Address System and Other Announcers,0.825,"$41,740 ",,
"News Analysts, Reporters and Correspondents",1.111,"$56,250 ",,
Broadcast News Analysts,1.743,"$88,250 ",,
Reporters and Correspondents,1.018,"$51,550 ",,
Public Relations Specialists,1.343,"$67,990 ",,
Writers and Editors,1.398,"$70,760 ",,
Editors,1.348,"$68,230 ",,
Technical Writers,1.471,"$74,440 ",,
Writers and Authors,1.425,"$72,120 ",,
Miscellaneous Media and Communication Workers,1.031,"$52,190 ",,
Interpreters and Translators,1.023,"$51,790 ",,
"Media and Communication Workers, All Other",1.05,"$53,160 ",,
Media and Communication Equipment Workers,1.102,"$55,780 ",,
Broadcast and Sound Engineering Technicians and Radio Operators,0.981,"$49,660 ",,
Audio and Video Equipment Technicians,0.939,"$47,530 ",,
Broadcast Technicians,0.923,"$46,730 ",,
Radio Operators,0.879,"$44,490 ",,
Sound Engineering Technicians,1.347,"$68,180 ",,
Photographers,0.829,"$41,940 ",,
"Television, Video, and Motion Picture Camera Operators and Editors",1.479,"$74,890 ",,
"Camera Operators, Television, Video, and Motion Picture",1.216,"$61,530 ",,
Film and Video Editors,1.658,"$83,950 ",,
"Media and Communication Equipment Workers, All Other",1.531,"$77,520 ",,
Healthcare Practitioners and Technical Occupations,1.595,"$80,760 ",*,
Health Diagnosing and Treating Practitioners,1.991,"$100,780 ",,
Chiropractors,1.647,"$83,350 ",,
Dentists,3.556,"$180,010 ",,
"Dentists, General",3.44,"$174,110 ",,
Oral and Maxillofacial Surgeons,4.795,"$242,740 ",,
Orthodontists,4.531,"$229,380 ",,
Prosthodontists,3.891,"$196,960 ",,
"Dentists, All Other Specialists",3.951,"$199,980 ",,
Dietitians and Nutritionists,1.188,"$60,150 ",,
Optometrists,2.353,"$119,100 ",,
Pharmacists,2.404,"$121,710 ",,
Physicians and Surgeons,4.241,"$214,700 ",,
Anesthesiologists,5.255,"$265,990 ",,
Family and General Practitioners,4.12,"$208,560 ",,
"Internists, General",3.919,"$198,370 ",,
Obstetricians and Gynecologists,4.647,"$235,240 ",,
"Pediatricians, General",3.705,"$187,540 ",,
Psychiatrists,4.269,"$216,090 ",,
Surgeons,4.976,"$251,890 ",,
"Physicians and Surgeons, All Other",4.176,"$211,390 ",,
Physician Assistants,2.07,"$104,760 ",,
Podiatrists,2.933,"$148,470 ",,
Therapists,1.556,"$78,740 ",,
Occupational Therapists,1.672,"$84,640 ",,
Physical Therapists,1.74,"$88,080 ",,
Radiation Therapists,1.683,"$85,190 ",,
Recreational Therapists,0.981,"$49,670 ",,
Respiratory Therapists,1.221,"$61,810 ",,
Speech-Language Pathologists,1.576,"$79,770 ",,
Exercise Physiologists,1.081,"$54,730 ",,
"Therapists, All Other",1.152,"$58,290 ",,
Veterinarians,2.006,"$101,530 ",,
Registered Nurses,1.453,"$73,550 ",,
Nurse Anesthetists,3.347,"$169,450 ",,
Nurse Midwives,2.047,"$103,640 ",,
Nurse Practitioners,2.123,"$107,480 ",,
Audiologists,1.581,"$80,040 ",,
"Health Diagnosing and Treating Practitioners, All Other",1.664,"$84,210 ",,
Health Technologists and Technicians,0.935,"$47,310 ",,
Clinical Laboratory Technologists and Technicians,1.052,"$53,230 ",,
Dental Hygienists,1.475,"$74,680 ",,
Diagnostic Related Technologists and Technicians,1.265,"$64,040 ",,
Cardiovascular Technologists and Technicians,1.131,"$57,250 ",,
Diagnostic Medical Sonographers,1.446,"$73,200 ",,
Nuclear Medicine Technologists,1.534,"$77,660 ",,
Radiologic Technologists,1.192,"$60,320 ",,
Magnetic Resonance Imaging Technologists,1.393,"$70,490 ",,
Emergency Medical Technicians and Paramedics,0.725,"$36,700 ",,
Health Practitioner Support Technologists and Technicians,0.709,"$35,910 ",,
Dietetic Technicians,0.585,"$29,610 ",,
Pharmacy Technicians,0.653,"$33,060 ",,
Psychiatric Technicians,0.713,"$36,070 ",,
Respiratory Therapy Technicians,1.006,"$50,900 ",,
Surgical Technologists,0.949,"$48,060 ",,
Veterinary Technologists and Technicians,0.686,"$34,710 ",,
Ophthalmic Medical Technicians,0.741,"$37,500 ",,
Licensed Practical and Licensed Vocational Nurses,0.903,"$45,710 ",,
Medical Records and Health Information Technicians,0.846,"$42,820 ",,
"Opticians, Dispensing",0.772,"$39,070 ",,
Miscellaneous Health Technologists and Technicians,0.96,"$48,600 ",,
Orthotists and Prosthetists,1.402,"$70,970 ",,
Hearing Aid Specialists,1.127,"$57,030 ",,
"Health Technologists and Technicians, All Other",0.922,"$46,690 ",,
Other Healthcare Practitioners and Technical Occupations,1.282,"$64,870 ",,
Occupational Health and Safety Specialists and Technicians,1.385,"$70,120 ",,
Occupational Health and Safety Specialists,1.454,"$73,600 ",,
Occupational Health and Safety Technicians,1.065,"$53,930 ",,
Miscellaneous Health Practitioners and Technical Workers,1.117,"$56,550 ",,
Athletic Trainers,0.961,"$48,630 ",,
Genetic Counselors,1.543,"$78,130 ",,
"Healthcare Practitioners and Technical Workers, All Other",1.197,"$60,600 ",,
Healthcare Support Occupations,0.619,"$31,310 ",*,
"Nursing, Psychiatric, and Home Health Aides",0.536,"$27,110 ",,
Home Health Aides,0.48,"$24,280 ",,
Psychiatric Aides,0.579,"$29,330 ",,
Nursing Assistants,0.564,"$28,540 ",,
Orderlies,0.573,"$28,990 ",,
Occupational Therapy and Physical Therapist Assistants and Aides,0.974,"$49,300 ",,
Occupational Therapy Assistants and Aides,1.095,"$55,450 ",,
Occupational Therapy Assistants,1.175,"$59,470 ",,
Occupational Therapy Aides,0.667,"$33,780 ",,
Physical Therapist Assistants and Aides,0.931,"$47,120 ",,
Physical Therapist Assistants,1.138,"$57,620 ",,
Physical Therapist Aides,0.551,"$27,910 ",,
Other Healthcare Support Occupations,0.704,"$35,650 ",,
Massage Therapists,0.888,"$44,950 ",,
Miscellaneous Healthcare Support Occupations,0.691,"$34,980 ",,
Dental Assistants,0.764,"$38,690 ",,
Medical Assistants,0.663,"$33,580 ",,
Medical Equipment Preparers,0.732,"$37,060 ",,
Medical Transcriptionists,0.719,"$36,400 ",,
Pharmacy Aides,0.573,"$29,030 ",,
Veterinary Assistants and Laboratory Animal Caretakers,0.545,"$27,570 ",,
Phlebotomists,0.686,"$34,710 ",,
"Healthcare Support Workers, All Other",0.763,"$38,600 ",,
Protective Service Occupations,0.932,"$47,190 ",*,
Supervisors of Protective Service Workers,1.478,"$74,810 ",,
First-Line Supervisors of Law Enforcement Workers,1.669,"$84,490 ",,
First-Line Supervisors of Correctional Officers,1.321,"$66,880 ",,
First-Line Supervisors of Police and Detectives,1.809,"$91,590 ",,
First-Line Supervisors of Fire Fighting and Prevention Workers,1.569,"$79,430 ",,
"First-Line Supervisors of Protective Service Workers, All Other",1.028,"$52,040 ",,
Fire Fighting and Prevention Workers,1.032,"$52,260 ",,
Firefighters,1.026,"$51,930 ",,
Fire Inspectors,1.185,"$59,960 ",,
Fire Inspectors and Investigators,1.23,"$62,260 ",,
Forest Fire Inspectors and Prevention Specialists,0.909,"$45,990 ",,
Law Enforcement Workers,1.181,"$59,790 ",,
"Bailiffs, Correctional Officers, and Jailers",0.939,"$47,540 ",,
Bailiffs,0.912,"$46,190 ",,
Correctional Officers and Jailers,0.94,"$47,600 ",,
Detectives and Criminal Investigators,1.646,"$83,320 ",,
Fish and Game Wardens,1.157,"$58,570 ",,
Parking Enforcement Workers,0.807,"$40,840 ",,
Police Officers,1.275,"$64,540 ",,
Police and Sheriff's Patrol Officers,1.274,"$64,490 ",,
Transit and Railroad Police,1.408,"$71,280 ",,
Other Protective Service Workers,0.616,"$31,170 ",,
Animal Control Workers,0.742,"$37,580 ",,
Private Detectives and Investigators,1.088,"$55,080 ",,
Security Guards and Gaming Surveillance Officers,0.608,"$30,780 ",,
Gaming Surveillance Officers and Gaming Investigators,0.714,"$36,160 ",,
Security Guards,0.607,"$30,730 ",,
Miscellaneous Protective Service Workers,0.596,"$30,180 ",,
Crossing Guards,0.596,"$30,170 ",,
"Lifeguards, Ski Patrol, and Other Recreational Protective Service Workers",0.466,"$23,570 ",,
Transportation Security Screeners,0.809,"$40,960 ",,
"Protective Service Workers, All Other",0.67,"$33,930 ",,
Food Preparation and Serving Related Occupations,0.488,"$24,710 ",*,
Supervisors of Food Preparation and Serving Workers,0.735,"$37,220 ",,
Chefs and Head Cooks,0.981,"$49,650 ",,
First-Line Supervisors of Food Preparation and Serving Workers,0.701,"$35,460 ",,
Cooks and Food Preparation Workers,0.495,"$25,040 ",,
Cooks,0.503,"$25,440 ",,
"Cooks, Fast Food",0.427,"$21,610 ",,
"Cooks, Institution and Cafeteria",0.542,"$27,450 ",,
"Cooks, Private Household",0.849,"$42,990 ",,
"Cooks, Restaurant",0.522,"$26,440 ",,
"Cooks, Short Order",0.475,"$24,060 ",,
"Cooks, All Other",0.591,"$29,900 ",,
Food Preparation Workers,0.472,"$23,900 ",,
Food and Beverage Serving Workers,0.459,"$23,220 ",,
Bartenders,0.519,"$26,260 ",,
Fast Food and Counter Workers,0.422,"$21,380 ",,
"Combined Food Preparation and Serving Workers, Including Fast Food",0.419,"$21,230 ",,
"Counter Attendants, Cafeteria, Food Concession, and Coffee Shop",0.445,"$22,530 ",,
Waiters and Waitresses,0.499,"$25,280 ",,
"Food Servers, Nonrestaurant",0.477,"$24,150 ",,
Other Food Preparation and Serving Related Workers,0.446,"$22,580 ",,
Dining Room and Cafeteria Attendants and Bartender Helpers,0.455,"$23,050 ",,
Dishwashers,0.439,"$22,210 ",,
"Hosts and Hostesses, Restaurant, Lounge, and Coffee Shop",0.44,"$22,290 ",,
"Food Preparation and Serving Related Workers, All Other",0.482,"$24,380 ",,
Building and Grounds Cleaning and Maintenance Occupations,0.572,"$28,930 ",*,
First-Line Supervisors of Building and Grounds Cleaning and Maintenance Workers,0.896,"$45,380 ",,
First-Line Supervisors of Housekeeping and Janitorial Workers,0.837,"$42,380 ",,
"First-Line Supervisors of Landscaping, Lawn Service, and Groundskeeping Workers",0.988,"$50,020 ",,
Building Cleaning and Pest Control Workers,0.537,"$27,170 ",,
Building Cleaning Workers,0.532,"$26,940 ",,
"Janitors and Cleaners, Except Maids and Housekeeping Cleaners",0.551,"$27,900 ",,
Maids and Housekeeping Cleaners,0.487,"$24,630 ",,
"Building Cleaning Workers, All Other",0.626,"$31,690 ",,
Pest Control Workers,0.723,"$36,610 ",,
Grounds Maintenance Workers,0.599,"$30,330 ",,
Landscaping and Groundskeeping Workers,0.587,"$29,700 ",,
"Pesticide Handlers, Sprayers, and Applicators, Vegetation",0.738,"$37,370 ",,
Tree Trimmers and Pruners,0.762,"$38,580 ",,
"Grounds Maintenance Workers, All Other",0.688,"$34,850 ",,
Personal Care and Service Occupations,0.539,"$27,270 ",*,
Supervisors of Personal Care and Service Workers,0.824,"$41,690 ",,
First-Line Supervisors of Gaming Workers,0.98,"$49,600 ",,
First-Line Supervisors of Personal Service Workers,0.801,"$40,550 ",,
Animal Care and Service Workers,0.51,"$25,840 ",,
Animal Trainers,0.687,"$34,760 ",,
Nonfarm Animal Caretakers,0.497,"$25,170 ",,
Entertainment Attendants and Related Workers,0.462,"$23,390 ",,
Gaming Services Workers,0.473,"$23,950 ",,
Gaming Dealers,0.453,"$22,910 ",,
Gaming and Sports Book Writers and Runners,0.544,"$27,550 ",,
"Gaming Service Workers, All Other",0.591,"$29,910 ",,
Motion Picture Projectionists,0.49,"$24,790 ",,
"Ushers, Lobby Attendants, and Ticket Takers",0.446,"$22,580 ",,
Miscellaneous Entertainment Attendants and Related Workers,0.464,"$23,480 ",,
Amusement and Recreation Attendants,0.45,"$22,760 ",,
Costume Attendants,0.942,"$47,700 ",,
"Locker Room, Coatroom, and Dressing Room Attendants",0.507,"$25,670 ",,
"Entertainment Attendants and Related Workers, All Other",0.573,"$29,010 ",,
Funeral Service Workers,0.786,"$39,780 ",,
Embalmers,0.89,"$45,040 ",,
Funeral Attendants,0.536,"$27,120 ",,
"Morticians, Undertakers, and Funeral Directors",1.112,"$56,300 ",,
Personal Appearance Workers,0.589,"$29,840 ",,
"Barbers, Hairdressers, Hairstylists and Cosmetologists",0.602,"$30,480 ",,
Barbers,0.602,"$30,480 ",,
"Hairdressers, Hairstylists, and Cosmetologists",0.602,"$30,490 ",,
Miscellaneous Personal Appearance Workers,0.561,"$28,410 ",,
"Makeup Artists, Theatrical and Performance",1.369,"$69,310 ",,
Manicurists and Pedicurists,0.493,"$24,980 ",,
Shampooers,0.428,"$21,650 ",,
Skincare Specialists,0.694,"$35,130 ",,
"Baggage Porters, Bellhops, and Concierges",0.575,"$29,110 ",,
Baggage Porters and Bellhops,0.516,"$26,100 ",,
Concierges,0.646,"$32,700 ",,
Tour and Travel Guides,0.576,"$29,180 ",,
Other Personal Care and Service Workers,0.519,"$26,280 ",,
Childcare Workers,0.469,"$23,760 ",,
Personal Care Aides,0.476,"$24,100 ",,
Recreation and Fitness Workers,0.69,"$34,930 ",,
Fitness Trainers and Aerobics Instructors,0.864,"$43,720 ",,
Recreation Workers,0.552,"$27,950 ",,
Residential Advisors,0.57,"$28,850 ",,
"Personal Care and Service Workers, All Other",0.548,"$27,760 ",,
Sales and Related Occupations,0.804,"$40,680 ",*,
First-Line Supervisors of Sales Workers,0.997,"$50,480 ",,
First-Line Supervisors of Retail Sales Workers,0.861,"$43,580 ",,
First-Line Supervisors of Non-Retail Sales Workers,1.647,"$83,370 ",,
Retail Sales Workers,0.505,"$25,560 ",,
Cashiers,0.438,"$22,160 ",,
Cashiers,0.437,"$22,130 ",,
Gaming Change Persons and Booth Cashiers,0.513,"$25,950 ",,
Counter and Rental Clerks and Parts Salespersons,0.61,"$30,890 ",,
Counter and Rental Clerks,0.588,"$29,740 ",,
Parts Salespersons,0.65,"$32,920 ",,
Retail Salespersons,0.542,"$27,460 ",,
"Sales Representatives, Services",1.377,"$69,680 ",,
Advertising Sales Agents,1.205,"$61,020 ",,
Insurance Sales Agents,1.323,"$66,990 ",,
"Securities, Commodities, and Financial Services Sales Agents",1.925,"$97,440 ",,
Travel Agents,0.807,"$40,840 ",,
"Sales Representatives, Services, All Other",1.246,"$63,050 ",,
"Sales Representatives, Wholesale and Manufacturing",1.433,"$72,540 ",,
"Sales Representatives, Wholesale and Manufacturing, Technical and Scientific Products",1.818,"$92,010 ",,
"Sales Representatives, Wholesale and Manufacturing, Except Technical and Scientific Products",1.343,"$67,960 ",,
Other Sales and Related Workers,0.975,"$49,340 ",,
"Models, Demonstrators, and Product Promoters",0.629,"$31,830 ",,
Demonstrators and Product Promoters,0.629,"$31,830 ",,
Models,0.63,"$31,870 ",,
Real Estate Brokers and Sales Agents,1.247,"$63,130 ",,
Real Estate Brokers,1.5,"$75,910 ",,
Real Estate Sales Agents,1.178,"$59,630 ",,
Sales Engineers,2.113,"$106,950 ",,
Telemarketers,0.547,"$27,670 ",,
Miscellaneous Sales and Related Workers,0.776,"$39,300 ",,
"Door-to-Door Sales Workers, News and Street Vendors, and Related Workers",0.558,"$28,260 ",,
"Sales and Related Workers, All Other",0.794,"$40,180 ",,
Office and Administrative Support Occupations,0.75,"$37,950 ",*,
First-Line Supervisors of Office and Administrative Support Workers,1.156,"$58,540 ",,
Communications Equipment Operators,0.62,"$31,390 ",,
"Switchboard Operators, Including Answering Service",0.604,"$30,550 ",,
Telephone Operators,0.759,"$38,410 ",,
"Communications Equipment Operators, All Other",0.848,"$42,910 ",,
Financial Clerks,0.762,"$38,580 ",,
Bill and Account Collectors,0.744,"$37,650 ",,
Billing and Posting Clerks,0.76,"$38,460 ",,
"Bookkeeping, Accounting, and Auditing Clerks",0.812,"$41,110 ",,
Gaming Cage Workers,0.557,"$28,210 ",,
Payroll and Timekeeping Clerks,0.888,"$44,950 ",,
Procurement Clerks,0.836,"$42,320 ",,
Tellers,0.571,"$28,880 ",,
"Financial Clerks, All Other",0.842,"$42,630 ",,
Information and Record Clerks,0.69,"$34,930 ",,
Brokerage Clerks,1.044,"$52,850 ",,
Correspondence Clerks,0.753,"$38,100 ",,
"Court, Municipal, and License Clerks",0.785,"$39,760 ",,
"Credit Authorizers, Checkers, and Clerks",0.784,"$39,670 ",,
Customer Service Representatives,0.704,"$35,650 ",,
"Eligibility Interviewers, Government Programs",0.881,"$44,620 ",,
File Clerks,0.636,"$32,200 ",,
"Hotel, Motel, and Resort Desk Clerks",0.479,"$24,250 ",,
"Interviewers, Except Eligibility and Loan",0.683,"$34,570 ",,
"Library Assistants, Clerical",0.556,"$28,170 ",,
Loan Interviewers and Clerks,0.802,"$40,610 ",,
New Accounts Clerks,0.722,"$36,560 ",,
Order Clerks,0.698,"$35,330 ",,
"Human Resources Assistants, Except Payroll and Timekeeping",0.804,"$40,700 ",,
Receptionists and Information Clerks,0.586,"$29,640 ",,
Reservation and Transportation Ticket Agents and Travel Clerks,0.787,"$39,850 ",,
"Information and Record Clerks, All Other",0.804,"$40,690 ",,
"Material Recording, Scheduling, Dispatching, and Distributing Workers",0.687,"$34,790 ",,
Cargo and Freight Agents,0.889,"$44,980 ",,
Couriers and Messengers,0.593,"$30,000 ",,
Dispatchers,0.832,"$42,110 ",,
"Police, Fire, and Ambulance Dispatchers",0.83,"$42,020 ",,
"Dispatchers, Except Police, Fire, and Ambulance",0.833,"$42,150 ",,
"Meter Readers, Utilities",0.858,"$43,410 ",,
Postal Service Workers,0.988,"$50,010 ",,
Postal Service Clerks,0.982,"$49,730 ",,
Postal Service Mail Carriers,0.988,"$50,020 ",,
"Postal Service Mail Sorters, Processors, and Processing Machine Operators",0.991,"$50,160 ",,
"Production, Planning, and Expediting Clerks",0.968,"$49,020 ",,
"Shipping, Receiving, and Traffic Clerks",0.668,"$33,790 ",,
Stock Clerks and Order Fillers,0.542,"$27,450 ",,
"Weighers, Measurers, Checkers, and Samplers, Recordkeeping",0.639,"$32,330 ",,
Secretaries and Administrative Assistants,0.811,"$41,060 ",,
Executive Secretaries and Executive Administrative Assistants,1.173,"$59,400 ",,
Legal Secretaries,0.96,"$48,600 ",,
Medical Secretaries,0.709,"$35,870 ",,
"Secretaries and Administrative Assistants, Except Legal, Medical, and Executive",0.729,"$36,920 ",,
Other Office and Administrative Support Workers,0.687,"$34,800 ",,
Computer Operators,0.895,"$45,320 ",,
Data Entry and Information Processing Workers,0.687,"$34,800 ",,
Data Entry Keyers,0.643,"$32,530 ",,
Word Processors and Typists,0.811,"$41,070 ",,
Desktop Publishers,0.892,"$45,170 ",,
Insurance Claims and Policy Processing Clerks,0.812,"$41,090 ",,
"Mail Clerks and Mail Machine Operators, Except Postal Service",0.616,"$31,200 ",,
"Office Clerks, General",0.67,"$33,910 ",,
"Office Machine Operators, Except Computer",0.656,"$33,190 ",,
Proofreaders and Copy Markers,0.798,"$40,410 ",,
Statistical Assistants,0.97,"$49,090 ",,
"Office and Administrative Support Workers, All Other",0.738,"$37,360 ",,
"Farming, Fishing, and Forestry Occupations",0.57,"$28,840 ",*,
"First-Line Supervisors of Farming, Fishing, and Forestry Workers",0.991,"$50,160 ",,
Agricultural Workers,0.525,"$26,580 ",,
Agricultural Inspectors,0.888,"$44,930 ",,
Animal Breeders,0.858,"$43,450 ",,
"Graders and Sorters, Agricultural Products",0.486,"$24,620 ",,
Miscellaneous Agricultural Workers,0.513,"$25,990 ",,
Agricultural Equipment Operators,0.621,"$31,440 ",,
"Farmworkers and Laborers, Crop, Nursery, and Greenhouse",0.495,"$25,070 ",,
"Farmworkers, Farm, Ranch, and Aquacultural Animals",0.55,"$27,840 ",,
"Agricultural Workers, All Other",0.709,"$35,910 ",,
Fishing and Hunting Workers,0.619,"$31,330 ",,
Fishers and Related Fishing Workers,0.616,"$31,190 ",,
"Forest, Conservation, and Logging Workers",0.777,"$39,330 ",,
Forest and Conservation Workers,0.619,"$31,320 ",,
Logging Workers,0.807,"$40,830 ",,
Fallers,0.927,"$46,930 ",,
Logging Equipment Operators,0.787,"$39,820 ",,
Log Graders and Scalers,0.765,"$38,710 ",,
"Logging Workers, All Other",0.805,"$40,730 ",,
Construction and Extraction Occupations,0.986,"$49,930 ",*,
First-Line Supervisors of Construction Trades and Extraction Workers,1.367,"$69,200 ",,
Construction Trades Workers,0.96,"$48,620 ",,
Boilermakers,1.245,"$63,010 ",,
"Brickmasons, Blockmasons, and Stonemasons",1.021,"$51,670 ",,
Brickmasons and Blockmasons,1.055,"$53,390 ",,
Stonemasons,0.837,"$42,370 ",,
Carpenters,0.98,"$49,630 ",,
"Carpet, Floor, and Tile Installers and Finishers",0.89,"$45,030 ",,
Carpet Installers,0.873,"$44,200 ",,
"Floor Layers, Except Carpet, Wood, and Hard Tiles",0.88,"$44,530 ",,
Floor Sanders and Finishers,0.776,"$39,260 ",,
Tile and Marble Setters,0.916,"$46,370 ",,
"Cement Masons, Concrete Finishers, and Terrazzo Workers",0.899,"$45,490 ",,
Cement Masons and Concrete Finishers,0.899,"$45,490 ",,
Terrazzo Workers and Finishers,0.899,"$45,520 ",,
Construction Laborers,0.768,"$38,890 ",,
Construction Equipment Operators,1.008,"$51,050 ",,
"Paving, Surfacing, and Tamping Equipment Operators",0.867,"$43,890 ",,
Pile-Driver Operators,1.26,"$63,770 ",,
Operating Engineers and Other Construction Equipment Operators,1.025,"$51,890 ",,
"Drywall Installers, Ceiling Tile Installers, and Tapers",0.992,"$50,240 ",,
Drywall and Ceiling Tile Installers,0.973,"$49,250 ",,
Tapers,1.097,"$55,540 ",,
Electricians,1.144,"$57,910 ",,
Glaziers,0.938,"$47,480 ",,
Insulation Workers,0.891,"$45,090 ",,
"Insulation Workers, Floor, Ceiling, and Wall",0.802,"$40,600 ",,
"Insulation Workers, Mechanical",1.002,"$50,710 ",,
Painters and Paperhangers,0.826,"$41,830 ",,
"Painters, Construction and Maintenance",0.827,"$41,840 ",,
Paperhangers,0.809,"$40,930 ",,
"Pipelayers, Plumbers, Pipefitters, and Steamfitters",1.105,"$55,920 ",,
Pipelayers,0.854,"$43,210 ",,
"Plumbers, Pipefitters, and Steamfitters",1.127,"$57,070 ",,
Plasterers and Stucco Masons,0.897,"$45,410 ",,
Reinforcing Iron and Rebar Workers,1.072,"$54,270 ",,
Roofers,0.845,"$42,780 ",,
Sheet Metal Workers,1.029,"$52,100 ",,
Structural Iron and Steel Workers,1.125,"$56,940 ",,
Solar Photovoltaic Installers,0.85,"$43,010 ",,
"Helpers, Construction Trades",0.632,"$31,980 ",,
"Helpers--Brickmasons, Blockmasons, Stonemasons, and Tile and Marble Setters",0.692,"$35,020 ",,
Helpers--Carpenters,0.614,"$31,100 ",,
Helpers--Electricians,0.633,"$32,040 ",,
"Helpers--Painters, Paperhangers, Plasterers, and Stucco Masons",0.604,"$30,570 ",,
"Helpers--Pipelayers, Plumbers, Pipefitters, and Steamfitters",0.629,"$31,830 ",,
Helpers--Roofers,0.587,"$29,710 ",,
"Helpers, Construction Trades, All Other",0.629,"$31,830 ",,
Other Construction and Related Workers,0.966,"$48,920 ",,
Construction and Building Inspectors,1.225,"$62,020 ",,
Elevator Installers and Repairers,1.524,"$77,130 ",,
Fence Erectors,0.716,"$36,260 ",,
Hazardous Materials Removal Workers,0.915,"$46,330 ",,
Highway Maintenance Workers,0.796,"$40,300 ",,
Rail-Track Laying and Maintenance Equipment Operators,1.113,"$56,360 ",,
Septic Tank Servicers and Sewer Pipe Cleaners,0.802,"$40,590 ",,
Miscellaneous Construction and Related Workers,0.834,"$42,220 ",,
Extraction Workers,0.938,"$47,480 ",,
"Derrick, Rotary Drill, and Service Unit Operators, Oil, Gas, and Mining",1.05,"$53,170 ",,
"Derrick Operators, Oil and Gas",0.939,"$47,510 ",,
"Rotary Drill Operators, Oil and Gas",1.11,"$56,180 ",,
"Service Unit Operators, Oil, Gas, and Mining",1.054,"$53,370 ",,
"Earth Drillers, Except Oil and Gas",0.938,"$47,480 ",,
"Explosives Workers, Ordnance Handling Experts, and Blasters",1.043,"$52,790 ",,
Mining Machine Operators,1.061,"$53,710 ",,
Continuous Mining Machine Operators,1.087,"$55,040 ",,
Mine Cutting and Channeling Machine Operators,1.034,"$52,360 ",,
"Mining Machine Operators, All Other",1.001,"$50,670 ",,
"Rock Splitters, Quarry",0.712,"$36,050 ",,
"Roof Bolters, Mining",1.172,"$59,310 ",,
"Roustabouts, Oil and Gas",0.787,"$39,850 ",,
Helpers--Extraction Workers,0.728,"$36,870 ",,
"Extraction Workers, All Other",1.001,"$50,690 ",,
"Installation, Maintenance, and Repair Occupations",0.946,"$47,870 ",*,
"First-Line Supervisors of Mechanics, Installers, and Repairers",1.346,"$68,120 ",,
"Electrical and Electronic Equipment Mechanics, Installers, and Repairers",1.027,"$52,010 ",,
"Computer, Automated Teller, and Office Machine Repairers",0.793,"$40,140 ",,
Radio and Telecommunications Equipment Installers and Repairers,1.09,"$55,160 ",,
"Radio, Cellular, and Tower Equipment Installers and Repairers",1.127,"$57,050 ",,
"Telecommunications Equipment Installers and Repairers, Except Line Installers",1.087,"$55,030 ",,
"Miscellaneous Electrical and Electronic Equipment Mechanics, Installers, and Repairers",1.06,"$53,680 ",,
Avionics Technicians,1.257,"$63,650 ",,
"Electric Motor, Power Tool, and Related Repairers",0.913,"$46,230 ",,
"Electrical and Electronics Installers and Repairers, Transportation Equipment",1.225,"$62,030 ",,
"Electrical and Electronics Repairers, Commercial and Industrial Equipment",1.151,"$58,250 ",,
"Electrical and Electronics Repairers, Powerhouse, Substation, and Relay",1.536,"$77,770 ",,
"Electronic Equipment Installers and Repairers, Motor Vehicles",0.712,"$36,050 ",,
Electronic Home Entertainment Equipment Installers and Repairers,0.77,"$38,980 ",,
Security and Fire Alarm Systems Installers,0.93,"$47,100 ",,
"Vehicle and Mobile Equipment Mechanics, Installers, and Repairers",0.888,"$44,970 ",,
Aircraft Mechanics and Service Technicians,1.235,"$62,540 ",,
Automotive Technicians and Repairers,0.85,"$43,020 ",,
Automotive Body and Related Repairers,0.901,"$45,630 ",,
Automotive Glass Installers and Repairers,0.708,"$35,830 ",,
Automotive Service Technicians and Mechanics,0.843,"$42,660 ",,
Bus and Truck Mechanics and Diesel Engine Specialists,0.948,"$48,000 ",,
Heavy Vehicle and Mobile Equipment Service Technicians and Mechanics,1.004,"$50,800 ",,
Farm Equipment Mechanics and Service Technicians,0.808,"$40,880 ",,
"Mobile Heavy Equipment Mechanics, Except Engines",1.035,"$52,370 ",,
Rail Car Repairers,1.114,"$56,380 ",,
Small Engine Mechanics,0.754,"$38,190 ",,
Motorboat Mechanics and Service Technicians,0.817,"$41,350 ",,
Motorcycle Mechanics,0.756,"$38,270 ",,
Outdoor Power Equipment and Other Small Engine Mechanics,0.712,"$36,020 ",,
"Miscellaneous Vehicle and Mobile Equipment Mechanics, Installers, and Repairers",0.587,"$29,700 ",,
Bicycle Repairers,0.58,"$29,370 ",,
Recreational Vehicle Service Technicians,0.774,"$39,160 ",,
Tire Repairers and Changers,0.563,"$28,510 ",,
"Other Installation, Maintenance, and Repair Occupations",0.897,"$45,390 ",,
Control and Valve Installers and Repairers,1.041,"$52,710 ",,
Mechanical Door Repairers,0.819,"$41,460 ",,
"Control and Valve Installers and Repairers, Except Mechanical Door",1.139,"$57,660 ",,
"Heating, Air Conditioning, and Refrigeration Mechanics and Installers",0.978,"$49,530 ",,
Home Appliance Repairers,0.806,"$40,790 ",,
"Industrial Machinery Installation, Repair, and Maintenance Workers",1.032,"$52,250 ",,
Industrial Machinery Mechanics,1.049,"$53,110 ",,
"Maintenance Workers, Machinery",0.933,"$47,240 ",,
Millwrights,1.092,"$55,290 ",,
"Refractory Materials Repairers, Except Brickmasons",0.989,"$50,080 ",,
Line Installers and Repairers,1.24,"$62,790 ",,
Electrical Power-Line Installers and Repairers,1.357,"$68,710 ",,
Telecommunications Line Installers and Repairers,1.113,"$56,340 ",,
Precision Instrument and Equipment Repairers,1.003,"$50,760 ",,
Camera and Photographic Equipment Repairers,0.84,"$42,510 ",,
Medical Equipment Repairers,1.032,"$52,260 ",,
Musical Instrument Repairers and Tuners,0.771,"$39,040 ",,
Watch Repairers,0.781,"$39,530 ",,
"Precision Instrument and Equipment Repairers, All Other",1.143,"$57,850 ",,
"Maintenance and Repair Workers, General",0.796,"$40,280 ",,
Wind Turbine Service Technicians,1.12,"$56,680 ",,
"Miscellaneous Installation, Maintenance, and Repair Workers",0.771,"$39,020 ",,
"Coin, Vending, and Amusement Machine Servicers and Repairers",0.697,"$35,290 ",,
Commercial Divers,1.092,"$55,270 ",,
"Fabric Menders, Except Garment",0.583,"$29,530 ",,
Locksmiths and Safe Repairers,0.844,"$42,730 ",,
Manufactured Building and Mobile Home Installers,0.628,"$31,810 ",,
Riggers,0.993,"$50,270 ",,
Signal and Track Switch Repairers,1.299,"$65,750 ",,
"Helpers--Installation, Maintenance, and Repair Workers",0.601,"$30,430 ",,
"Installation, Maintenance, and Repair Workers, All Other",0.84,"$42,500 ",,
Production Occupations,0.752,"$38,070 ",*,
First-Line Supervisors of Production and Operating Workers,1.238,"$62,660 ",,
Assemblers and Fabricators,0.683,"$34,560 ",,
"Aircraft Structure, Surfaces, Rigging, and Systems Assemblers",1.094,"$55,400 ",,
"Electrical, Electronics, and Electromechanical Assemblers",0.69,"$34,910 ",,
"Coil Winders, Tapers, and Finishers",0.693,"$35,080 ",,
"Electrical, Electronic, and Electromechanical Assemblers, Except Coil Winders, Tapers, and Finishers",0.689,"$34,900 ",,
Engine and Other Machine Assemblers,0.879,"$44,520 ",,
Structural Metal Fabricators and Fitters,0.8,"$40,490 ",,
Miscellaneous Assemblers and Fabricators,0.656,"$33,210 ",,
Fiberglass Laminators and Fabricators,0.691,"$34,960 ",,
Timing Device Assemblers and Adjusters,0.737,"$37,310 ",,
"Assemblers and Fabricators, All Other, Including Team Assemblers",0.655,"$33,180 ",,
Food Processing Workers,0.574,"$29,070 ",,
Bakers,0.552,"$27,920 ",,
"Butchers and Other Meat, Poultry, and Fish Processing Workers",0.572,"$28,960 ",,
Butchers and Meat Cutters,0.643,"$32,570 ",,
"Meat, Poultry, and Fish Cutters and Trimmers",0.522,"$26,430 ",,
Slaughterers and Meat Packers,0.55,"$27,830 ",,
Miscellaneous Food Processing Workers,0.594,"$30,080 ",,
"Food and Tobacco Roasting, Baking, and Drying Machine Operators and Tenders",0.626,"$31,680 ",,
Food Batchmakers,0.61,"$30,880 ",,
Food Cooking Machine Operators and Tenders,0.597,"$30,240 ",,
"Food Processing Workers, All Other",0.521,"$26,390 ",,
Metal Workers and Plastic Workers,0.803,"$40,650 ",,
Computer Control Programmers and Operators,0.851,"$43,100 ",,
"Computer-Controlled Machine Tool Operators, Metal and Plastic",0.81,"$41,010 ",,
"Computer Numerically Controlled Machine Tool Programmers, Metal and Plastic",1.102,"$55,770 ",,
"Forming Machine Setters, Operators, and Tenders, Metal and Plastic",0.742,"$37,540 ",,
"Extruding and Drawing Machine Setters, Operators, and Tenders, Metal and Plastic",0.712,"$36,050 ",,
"Forging Machine Setters, Operators, and Tenders, Metal and Plastic",0.797,"$40,340 ",,
"Rolling Machine Setters, Operators, and Tenders, Metal and Plastic",0.787,"$39,840 ",,
"Machine Tool Cutting Setters, Operators, and Tenders, Metal and Plastic",0.714,"$36,140 ",,
"Cutting, Punching, and Press Machine Setters, Operators, and Tenders, Metal and Plastic",0.687,"$34,770 ",,
"Drilling and Boring Machine Tool Setters, Operators, and Tenders, Metal and Plastic",0.807,"$40,870 ",,
"Grinding, Lapping, Polishing, and Buffing Machine Tool Setters, Operators, and Tenders, Metal and Plastic",0.702,"$35,520 ",,
"Lathe and Turning Machine Tool Setters, Operators, and Tenders, Metal and Plastic",0.796,"$40,310 ",,
"Milling and Planing Machine Setters, Operators, and Tenders, Metal and Plastic",0.856,"$43,330 ",,
Machinists,0.872,"$44,160 ",,
"Metal Furnace Operators, Tenders, Pourers, and Casters",0.814,"$41,210 ",,
Metal-Refining Furnace Operators and Tenders,0.825,"$41,770 ",,
"Pourers and Casters, Metal",0.789,"$39,930 ",,
"Model Makers and Patternmakers, Metal and Plastic",1.02,"$51,650 ",,
"Model Makers, Metal and Plastic",1.083,"$54,820 ",,
"Patternmakers, Metal and Plastic",0.906,"$45,880 ",,
"Molders and Molding Machine Setters, Operators, and Tenders, Metal and Plastic",0.668,"$33,810 ",,
Foundry Mold and Coremakers,0.72,"$36,440 ",,
"Molding, Coremaking, and Casting Machine Setters, Operators, and Tenders, Metal and Plastic",0.663,"$33,570 ",,
"Multiple Machine Tool Setters, Operators, and Tenders, Metal and Plastic",0.724,"$36,650 ",,
Tool and Die Makers,1.052,"$53,260 ",,
"Welding, Soldering, and Brazing Workers",0.849,"$42,980 ",,
"Welders, Cutters, Solderers, and Brazers",0.858,"$43,410 ",,
"Welding, Soldering, and Brazing Machine Setters, Operators, and Tenders",0.768,"$38,880 ",,
Miscellaneous Metal Workers and Plastic Workers,0.741,"$37,490 ",,
"Heat Treating Equipment Setters, Operators, and Tenders, Metal and Plastic",0.765,"$38,720 ",,
"Layout Workers, Metal and Plastic",0.926,"$46,890 ",,
"Plating and Coating Machine Setters, Operators, and Tenders, Metal and Plastic",0.68,"$34,430 ",,
"Tool Grinders, Filers, and Sharpeners",0.766,"$38,800 ",,
"Metal Workers and Plastic Workers, All Other",0.74,"$37,440 ",,
Printing Workers,0.743,"$37,610 ",,
Prepress Technicians and Workers,0.825,"$41,770 ",,
Printing Press Operators,0.748,"$37,860 ",,
Print Binding and Finishing Workers,0.672,"$34,040 ",,
"Textile, Apparel, and Furnishings Workers",0.53,"$26,810 ",,
Laundry and Dry-Cleaning Workers,0.47,"$23,770 ",,
"Pressers, Textile, Garment, and Related Materials",0.456,"$23,080 ",,
Sewing Machine Operators,0.519,"$26,250 ",,
Shoe and Leather Workers,0.544,"$27,540 ",,
Shoe and Leather Workers and Repairers,0.544,"$27,550 ",,
Shoe Machine Operators and Tenders,0.544,"$27,530 ",,
"Tailors, Dressmakers, and Sewers",0.614,"$31,080 ",,
"Sewers, Hand",0.544,"$27,540 ",,
"Tailors, Dressmakers, and Custom Sewers",0.635,"$32,150 ",,
"Textile Machine Setters, Operators, and Tenders",0.571,"$28,900 ",,
Textile Bleaching and Dyeing Machine Operators and Tenders,0.576,"$29,150 ",,
"Textile Cutting Machine Setters, Operators, and Tenders",0.561,"$28,400 ",,
"Textile Knitting and Weaving Machine Setters, Operators, and Tenders",0.575,"$29,100 ",,
"Textile Winding, Twisting, and Drawing Out Machine Setters, Operators, and Tenders",0.571,"$28,920 ",,
"Miscellaneous Textile, Apparel, and Furnishings Workers",0.695,"$35,180 ",,
"Extruding and Forming Machine Setters, Operators, and Tenders, Synthetic and Glass Fibers",0.686,"$34,720 ",,
Fabric and Apparel Patternmakers,0.982,"$49,690 ",,
Upholsterers,0.693,"$35,060 ",,
"Textile, Apparel, and Furnishings Workers, All Other",0.618,"$31,280 ",,
Woodworkers,0.65,"$32,900 ",,
Cabinetmakers and Bench Carpenters,0.706,"$35,740 ",,
Furniture Finishers,0.655,"$33,170 ",,
"Model Makers and Patternmakers, Wood",1.025,"$51,880 ",,
"Model Makers, Wood",1.027,"$52,000 ",,
"Patternmakers, Wood",1.023,"$51,760 ",,
"Woodworking Machine Setters, Operators, and Tenders",0.602,"$30,490 ",,
"Sawing Machine Setters, Operators, and Tenders, Wood",0.606,"$30,670 ",,
"Woodworking Machine Setters, Operators, and Tenders, Except Sawing",0.6,"$30,370 ",,
"Woodworkers, All Other",0.665,"$33,650 ",,
Plant and System Operators,1.199,"$60,700 ",,
"Power Plant Operators, Distributors, and Dispatchers",1.572,"$79,560 ",,
Nuclear Power Reactor Operators,1.864,"$94,350 ",,
Power Distributors and Dispatchers,1.626,"$82,310 ",,
Power Plant Operators,1.501,"$75,970 ",,
Stationary Engineers and Boiler Operators,1.239,"$62,710 ",,
Water and Wastewater Treatment Plant and System Operators,0.954,"$48,290 ",,
Miscellaneous Plant and System Operators,1.282,"$64,920 ",,
Chemical Plant and System Operators,1.217,"$61,620 ",,
Gas Plant Operators,1.375,"$69,600 ",,
"Petroleum Pump System Operators, Refinery Operators, and Gaugers",1.347,"$68,190 ",,
"Plant and System Operators, All Other",1.129,"$57,150 ",,
Other Production Occupations,0.71,"$35,940 ",,
"Chemical Processing Machine Setters, Operators, and Tenders",0.94,"$47,560 ",,
Chemical Equipment Operators and Tenders,1.001,"$50,690 ",,
"Separating, Filtering, Clarifying, Precipitating, and Still Machine Setters, Operators, and Tenders",0.84,"$42,540 ",,
"Crushing, Grinding, Polishing, Mixing, and Blending Workers",0.735,"$37,230 ",,
"Crushing, Grinding, and Polishing Machine Setters, Operators, and Tenders",0.735,"$37,220 ",,
"Grinding and Polishing Workers, Hand",0.609,"$30,840 ",,
"Mixing and Blending Machine Setters, Operators, and Tenders",0.765,"$38,730 ",,
Cutting Workers,0.67,"$33,910 ",,
"Cutters and Trimmers, Hand",0.6,"$30,360 ",,
"Cutting and Slicing Machine Setters, Operators, and Tenders",0.684,"$34,630 ",,
"Extruding, Forming, Pressing, and Compacting Machine Setters, Operators, and Tenders",0.7,"$35,430 ",,
"Furnace, Kiln, Oven, Drier, and Kettle Operators and Tenders",0.776,"$39,280 ",,
"Inspectors, Testers, Sorters, Samplers, and Weighers",0.811,"$41,040 ",,
Jewelers and Precious Stone and Metal Workers,0.833,"$42,180 ",,
"Medical, Dental, and Ophthalmic Laboratory Technicians",0.765,"$38,710 ",,
Dental Laboratory Technicians,0.83,"$41,990 ",,
Medical Appliance Technicians,0.799,"$40,460 ",,
Ophthalmic Laboratory Technicians,0.672,"$34,030 ",,
Packaging and Filling Machine Operators and Tenders,0.632,"$31,990 ",,
Painting Workers,0.773,"$39,150 ",,
"Coating, Painting, and Spraying Machine Setters, Operators, and Tenders",0.705,"$35,670 ",,
"Painters, Transportation Equipment",0.916,"$46,380 ",,
"Painting, Coating, and Decorating Workers",0.654,"$33,090 ",,
Semiconductor Processors,0.768,"$38,860 ",,
Photographic Process Workers and Processing Machine Operators,0.649,"$32,870 ",,
Miscellaneous Production Workers,0.627,"$31,720 ",,
Adhesive Bonding Machine Operators and Tenders,0.684,"$34,630 ",,
"Cleaning, Washing, and Metal Pickling Equipment Operators and Tenders",0.637,"$32,270 ",,
Cooling and Freezing Equipment Operators and Tenders,0.664,"$33,590 ",,
Etchers and Engravers,0.669,"$33,860 ",,
"Molders, Shapers, and Casters, Except Metal and Plastic",0.668,"$33,810 ",,
"Paper Goods Machine Setters, Operators, and Tenders",0.786,"$39,770 ",,
Tire Builders,0.829,"$41,980 ",,
Helpers--Production Workers,0.555,"$28,070 ",,
"Production Workers, All Other",0.65,"$32,910 ",,
Transportation and Material Moving Occupations,0.732,"$37,070 ",*,
Supervisors of Transportation and Material Moving Workers,1.113,"$56,330 ",,
Aircraft Cargo Handling Supervisors,1.046,"$52,970 ",,
"First-Line Supervisors of Transportation and Material Moving Workers, Except Aircraft Cargo Handling Supervisors",1.114,"$56,400 ",,
Air Transportation Workers,1.914,"$96,890 ",,
Aircraft Pilots and Flight Engineers,2.74,"$138,690 ",,
"Airline Pilots, Copilots, and Flight Engineers",3.186,"$161,280 ",,
Commercial Pilots,1.765,"$89,350 ",,
Air Traffic Controllers and Airfield Operations Specialists,2,"$101,240 ",,
Air Traffic Controllers,2.376,"$120,260 ",,
Airfield Operations Specialists,1.107,"$56,060 ",,
Flight Attendants,1.04,"$52,660 ",,
Motor Vehicle Operators,0.755,"$38,210 ",,
"Ambulance Drivers and Attendants, Except Emergency Medical Technicians",0.528,"$26,740 ",,
Bus Drivers,0.691,"$35,000 ",,
"Bus Drivers, Transit and Intercity",0.855,"$43,290 ",,
"Bus Drivers, School or Special Client",0.635,"$32,130 ",,
Driver/Sales Workers and Truck Drivers,0.786,"$39,790 ",,
Driver/Sales Workers,0.575,"$29,090 ",,
Heavy and Tractor-Trailer Truck Drivers,0.879,"$44,500 ",,
Light Truck or Delivery Services Drivers,0.703,"$35,610 ",,
Taxi Drivers and Chauffeurs,0.543,"$27,480 ",,
"Motor Vehicle Operators, All Other",0.646,"$32,690 ",,
Rail Transportation Workers,1.243,"$62,900 ",,
Locomotive Engineers and Operators,1.262,"$63,890 ",,
Locomotive Engineers,1.303,"$65,980 ",,
Locomotive Firers,1.229,"$62,220 ",,
"Rail Yard Engineers, Dinkey Operators, and Hostlers",1.026,"$51,930 ",,
"Railroad Brake, Signal, and Switch Operators",1.156,"$58,500 ",,
Railroad Conductors and Yardmasters,1.252,"$63,370 ",,
Subway and Streetcar Operators,1.263,"$63,950 ",,
"Rail Transportation Workers, All Other",1.184,"$59,950 ",,
Water Transportation Workers,1.298,"$65,720 ",,
Sailors and Marine Oilers,0.92,"$46,560 ",,
Ship and Boat Captains and Operators,1.554,"$78,670 ",,
"Captains, Mates, and Pilots of Water Vessels",1.6,"$80,970 ",,
Motorboat Operators,0.906,"$45,870 ",,
Ship Engineers,1.54,"$77,970 ",,
Other Transportation Workers,0.621,"$31,440 ",,
Bridge and Lock Tenders,0.934,"$47,280 ",,
Parking Lot Attendants,0.481,"$24,330 ",,
Automotive and Watercraft Service Attendants,0.496,"$25,100 ",,
Traffic Technicians,0.974,"$49,290 ",,
Transportation Inspectors,1.456,"$73,720 ",,
"Transportation Attendants, Except Flight Attendants",0.628,"$31,800 ",,
"Transportation Workers, All Other",0.791,"$40,050 ",,
Material Moving Workers,0.599,"$30,320 ",,
Conveyor Operators and Tenders,0.681,"$34,480 ",,
Crane and Tower Operators,1.1,"$55,690 ",,
"Dredge, Excavating, and Loading Machine Operators",0.929,"$47,010 ",,
Dredge Operators,0.915,"$46,340 ",,
Excavating and Loading Machine and Dragline Operators,0.924,"$46,780 ",,
"Loading Machine Operators, Underground Mining",1.023,"$51,780 ",,
Hoist and Winch Operators,1.085,"$54,910 ",,
Industrial Truck and Tractor Operators,0.699,"$35,370 ",,
"Laborers and Material Movers, Hand",0.564,"$28,550 ",,
Cleaners of Vehicles and Equipment,0.509,"$25,770 ",,
"Laborers and Freight, Stock, and Material Movers, Hand",0.587,"$29,690 ",,
Machine Feeders and Offbearers,0.607,"$30,710 ",,
"Packers and Packagers, Hand",0.502,"$25,410 ",,
Pumping Station Operators,1.021,"$51,660 ",,
Gas Compressor and Gas Pumping Station Operators,1.224,"$61,960 ",,
"Pump Operators, Except Wellhead Pumpers",0.929,"$47,040 ",,
Wellhead Pumpers,1.049,"$53,120 ",,
Refuse and Recyclable Material Collectors,0.769,"$38,920 ",,
Mine Shuttle Car Operators,1.116,"$56,510 ",,
"Tank Car, Truck, and Ship Loaders",0.796,"$40,290 ",,
"Material Moving Workers, All Other",0.704,"$35,620 ",,
